{
	"class_name" : "PinholeCameraParameters",
	"extrinsic" : 
	[
		-0.019226663050236875,
		0.9994291930703938,
		0.027778111285948027,
		0.0,
		-0.99481406719832177,
		-0.016347700832439419,
		-0.10038786969463079,
		0.0,
		-0.099876459349967792,
		-0.029564179612411316,
		0.99456053217064644,
		0.0,
		2.9775087493851866,
		-1.7379149596813681,
		4.0447175487734341,
		1.0
	],
	"intrinsic" : 
	{
		"height" : 1016,
		"intrinsic_matrix" : 
		[
			879.88181024498977,
			0.0,
			0.0,
			0.0,
			879.88181024498977,
			0.0,
			923.5,
			507.5,
			1.0
		],
		"width" : 1848
	},
	"version_major" : 1,
	"version_minor" : 0
}